user_input,retrieved_contexts,response,reference,faithfulness,answer_relevancy,context_precision,context_recall
Que stipule l'article L. 217-4 concernant l'usage spécial recherché par le consommateur ?,"[""Article L421-2\n\nLes produits destinés aux consommateurs ou susceptibles, dans des conditions raisonnablement prévisibles,\nd'être utilisés par les consommateurs même s'ils ne leur sont pas destinés satisfont aux dispositions du\nrèglement (UE) 2023/988 du Parlement européen et du Conseil du 10 mai 2023 relatif à la sécurité générale\ndes produits, modifiant le règlement (UE) n° 1025/2012 du Parlement européen et du Conseil et la directive\n\n\n(UE) 2020/1828 du Parlement européen et du Conseil, et abrogeant la directive 2001/95/ CE du Parlement\neuropéen et du Conseil et la directive 87/357/ CEE du Conseil."", ""Article L221-22\nLa charge de la preuve de l'exercice du droit de rétractation dans les conditions prévues à l'article L. 221-21\npèse sur le consommateur."", ""Article L611-2\n\nLa médiation de la consommation s'applique à un litige national ou transfrontalier entre un consommateur et\nun professionnel. Elle est régie par les dispositions du présent titre ainsi que, dans la mesure où elles ne leur\nsont pas contraires, par celles du chapitre Ier du titre II de la loi du 8 février 1995 mentionnée à l'article L.\n611-1.""]","L'article L421-2 ne concerne pas directement la question posée. 

L'article L221-22 ne traite pas non plus de l'usage spécial recherché par le consommateur.

En revanche, l'article L611-2 ne permet pas de répondre à la question posée.

Par conséquent, je ne dispose pas d'informations suffisantes pour répondre à la question concernant l'article L. 217-4.","Le bien est conforme s'il est propre à tout usage spécial recherché par le consommateur, porté à la connaissance du vendeur au moment de la conclusion du contrat et accepté par ce dernier.",0.25,0.0,0.0,1.0
"Si un acheteur précise une exigence spécifique au vendeur lors de l'achat et que celui-ci l'accepte, le produit doit-il respecter cette exigence pour être considéré comme conforme ?","[""Article L217-12\nLe vendeur peut ne pas procéder selon le choix opéré par le consommateur si la mise en conformité sollicitée\nest impossible ou entraîne des coûts disproportionnés au regard notamment :\n1° De la valeur qu'aurait le bien en l'absence de défaut de conformité ;\n2° De l'importance du défaut de conformité ; et\n3° De la possibilité éventuelle d'opter pour l'autre choix sans inconvénient majeur pour le consommateur.\nLe vendeur peut refuser la mise en conformité du bien si celle-ci est impossible ou entraîne des coûts\ndisproportionnés notamment au regard des 1° et 2°.\nLorsque ces conditions ne sont pas respectées, le consommateur peut, après mise en demeure, poursuivre\nl'exécution forcée en nature de la solution initialement sollicitée, conformément aux articles 1221 et suivants\ndu code civil.\nTout refus par le vendeur de procéder selon le choix du consommateur ou de mettre le bien en conformité,\nest motivé par écrit ou sur support durable."", ""Article L217-9\nLe consommateur est en droit d'exiger la mise en conformité du bien aux critères énoncés dans la sous-\nsection 1 de la présente section.\nLe consommateur sollicite auprès du vendeur la mise en conformité du bien, en choisissant entre la\nréparation et le remplacement. A cette fin, le consommateur met le bien à la disposition du vendeur."", ""Article L217-5\nI.-En plus des critères de conformité au contrat, le bien est conforme s'il répond aux critères suivants :\n1° Il est propre à l'usage habituellement attendu d'un bien de même type, compte tenu, s'il y a lieu, de toute\ndisposition du droit de l'Union européenne et du droit national ainsi que de toutes les normes techniques ou,\nen l'absence de telles normes techniques, des codes de conduite spécifiques applicables au secteur concerné ;\n2° Le cas échéant, il possède les qualités que le vendeur a présentées au consommateur sous forme\nd'échantillon ou de modèle, avant la conclusion du contrat ;\n3° Le cas échéant, les éléments numériques qu'il comporte sont fournis selon la version la plus récente qui\nest disponible au moment de la conclusion du contrat, sauf si les parties en conviennent autrement ;\n4° Le cas échéant, il est délivré avec tous les accessoires, y compris l'emballage, et les instructions\nd'installation que le consommateur peut légitimement attendre ;\n5° Le cas échéant, il est fourni avec les mises à jour que le consommateur peut légitimement attendre,\nconformément aux dispositions de l'article L. 217-19 ;\n6° Il correspond à la quantité, à la qualité et aux autres caractéristiques, y compris en termes de durabilité,\nde fonctionnalité, de compatibilité et de sécurité, que le consommateur peut légitimement attendre pour des\nbiens de même type, eu égard à la nature du bien ainsi qu'aux déclarations publiques faites par le vendeur,\npar toute personne en amont dans la chaîne de transactions, ou par une personne agissant pour leur compte, y\ncompris dans la publicité ou sur l'étiquetage.\nII.-Toutefois, le vendeur n'est pas tenu par toutes déclarations publiques mentionnées à l'alinéa qui précède\ns'il démontre :\n1° Qu'il ne les connaissait pas et n'était légitimement pas en mesure de les connaître ;\n2° Qu'au moment de la conclusion du contrat, les déclarations publiques avaient été rectifiées dans des\nconditions comparables aux déclarations initiales ; ou\n3° Que les déclarations publiques n'ont pas pu avoir d'influence sur la décision d'achat.\nIII.-Le consommateur ne peut contester la conformité en invoquant un défaut concernant une ou plusieurs\ncaractéristiques particulières du bien, dont il a été spécifiquement informé qu'elles s'écartaient des critères\nde conformité énoncés au présent article, écart auquel il a expressément et séparément consenti lors de la\nconclusion du contrat.""]","Selon l'article L217-5 du Code de la consommation, le bien est conforme s'il correspond notamment aux caractéristiques que le consommateur peut légitimement attendre, en tenant compte des déclarations publiques faites par le vendeur. Si un acheteur précise une exigence spécifique au vendeur lors de l'achat et que celui-ci l'accepte, le produit doit effectivement respecter cette exigence pour être considéré comme conforme. En effet, le vendeur est tenu de respecter les caractéristiques convenues lors de la conclusion du contrat, et le consommateur peut légitimement s'attendre à ce que le bien corresponde à ses exigences spécifiques.","Oui, le respect de l'usage spécial validé par le vendeur devient un critère de conformité contractuel.",0.8,0.5965928256354758,0.9999999999666667,1.0
"J'ai acheté un ordinateur en précisant au vendeur que je voulais faire du montage vidéo 4K, ce qu'il a validé. Or, l'ordinateur plante dès que je lance un rendu. Puis-je invoquer un défaut de conformité même si l'ordinateur fonctionne bien pour de la bureautique ?","[""Article L224-25-19\n\nLe professionnel peut refuser la mise en conformité si elle s'avère impossible ou entraîne des coûts\ndisproportionnés, au regard notamment de l'importance du défaut de conformité et de la valeur du contenu\nnumérique ou du service numérique en l'absence de défaut.\nDès lors que ces conditions ne sont pas respectées, le consommateur peut, après mise en demeure, poursuivre\nl'exécution forcée en nature de la mise en conformité sollicitée conformément aux articles 1221 et suivants\ndu code civil.\nTout refus du professionnel de mettre le contenu numérique ou le service numérique en conformité est\nmotivé par écrit ou sur support durable."", ""Article L217-7\nLes défauts de conformité qui apparaissent dans un délai de vingt-quatre mois à compter de la délivrance du\nbien, y compris du bien comportant des éléments numériques, sont, sauf preuve contraire, présumés exister\n\nau moment de la délivrance, à moins que cette présomption ne soit incompatible avec la nature du bien ou du\ndéfaut invoqué.\nPour les biens d'occasion, ce délai est fixé à douze mois.\nLorsque le contrat de vente d'un bien comportant des éléments numériques prévoit la fourniture continue\nd'un contenu numérique ou d'un service numérique, sont présumés exister au moment de la délivrance du\nbien les défauts de conformité qui apparaissent :\n1° Durant un délai de deux ans à compter de la délivrance du bien, lorsque le contrat prévoit cette fourniture\npendant une durée inférieure ou égale à deux ans ou lorsque le contrat ne détermine pas la durée de\nfourniture ;\n2° Durant la période durant laquelle le contenu numérique ou le service numérique est fourni en vertu du\ncontrat, lorsque celui-ci prévoit cette fourniture pendant une durée supérieure à deux ans.\nSous-section 2 : Mise en œuvre de la garantie légale de conformité"", ""Article L224-25-16\n\nI.-Les défauts de conformité qui apparaissent dans un délai de douze mois à compter de la fourniture du\ncontenu numérique ou du service numérique sont présumés exister au moment de cette fourniture, sauf\npreuve contraire.\nLorsque le contrat prévoit la fourniture continue du contenu numérique ou du service numérique pendant une\npériode donnée, la charge de la preuve quant à la question de savoir si le contenu numérique ou le service\nnumérique était conforme au cours de la période contractuelle de fourniture, incombe au professionnel dans\nle cas d'un défaut de conformité apparaissant au cours de cette période.\nII.-Le professionnel n'est pas responsable du défaut de conformité s'il démontre que celui-ci est directement\nimputable à l'incompatibilité entre le contenu numérique ou le service numérique et l'environnement\nnumérique du consommateur, et que le consommateur avait été informé par le professionnel des exigences\ntechniques de compatibilité de ce contenu ou service avant la conclusion du contrat.\nLe consommateur est tenu de coopérer avec le professionnel, dans la mesure de ce qui est raisonnablement\npossible, nécessaire et le moins intrusif pour lui, afin de déterminer si le défaut de conformité est causé par\ncette incompatibilité. Dans le cas contraire, la charge de la preuve mentionnée au premier ou au deuxième\nalinéa du I du présent article, incombe au consommateur à la condition que le consommateur ait été informé\nde façon claire et compréhensible de son obligation de coopérer avant la conclusion du contrat.\n\nParagraphe 2 : Mise en œuvre de la garantie légale de conformité""]","Oui, vous pouvez invoquer un défaut de conformité en vertu de l'article L224-25-19 du Code de la consommation. En effet, selon cet article, le professionnel peut refuser la mise en conformité si elle s'avère impossible ou entraîne des coûts disproportionnés, mais il doit motiver ce refus par écrit ou sur support durable. Si l'ordinateur que vous avez acheté plante dès que vous lancez un rendu vidéo 4K alors que vous avez expressément informé le vendeur de votre besoin en la matière, cela peut être considéré comme un défaut de conformité, car l'ordinateur ne correspond pas à l'usage auquel vous destinez. Vous pouvez donc demander au professionnel de mettre l'ordinateur en conformité avec vos attentes, conformément aux dispositions de l'article L224-25-19.","Oui, vous pouvez invoquer un défaut de conformité car le bien n'est pas propre à l'usage spécial que vous avez spécifié et qui a été accepté par le vendeur.",0.25,0.41807047702075706,0.9999999999666667,1.0
Quels sont les critères de conformité énumérés à l'article L. 217-5 en plus des critères du contrat ?,"[""Article L217-5\nI.-En plus des critères de conformité au contrat, le bien est conforme s'il répond aux critères suivants :\n1° Il est propre à l'usage habituellement attendu d'un bien de même type, compte tenu, s'il y a lieu, de toute\ndisposition du droit de l'Union européenne et du droit national ainsi que de toutes les normes techniques ou,\nen l'absence de telles normes techniques, des codes de conduite spécifiques applicables au secteur concerné ;\n2° Le cas échéant, il possède les qualités que le vendeur a présentées au consommateur sous forme\nd'échantillon ou de modèle, avant la conclusion du contrat ;\n3° Le cas échéant, les éléments numériques qu'il comporte sont fournis selon la version la plus récente qui\nest disponible au moment de la conclusion du contrat, sauf si les parties en conviennent autrement ;\n4° Le cas échéant, il est délivré avec tous les accessoires, y compris l'emballage, et les instructions\nd'installation que le consommateur peut légitimement attendre ;\n5° Le cas échéant, il est fourni avec les mises à jour que le consommateur peut légitimement attendre,\nconformément aux dispositions de l'article L. 217-19 ;\n6° Il correspond à la quantité, à la qualité et aux autres caractéristiques, y compris en termes de durabilité,\nde fonctionnalité, de compatibilité et de sécurité, que le consommateur peut légitimement attendre pour des\nbiens de même type, eu égard à la nature du bien ainsi qu'aux déclarations publiques faites par le vendeur,\npar toute personne en amont dans la chaîne de transactions, ou par une personne agissant pour leur compte, y\ncompris dans la publicité ou sur l'étiquetage.\nII.-Toutefois, le vendeur n'est pas tenu par toutes déclarations publiques mentionnées à l'alinéa qui précède\ns'il démontre :\n1° Qu'il ne les connaissait pas et n'était légitimement pas en mesure de les connaître ;\n2° Qu'au moment de la conclusion du contrat, les déclarations publiques avaient été rectifiées dans des\nconditions comparables aux déclarations initiales ; ou\n3° Que les déclarations publiques n'ont pas pu avoir d'influence sur la décision d'achat.\nIII.-Le consommateur ne peut contester la conformité en invoquant un défaut concernant une ou plusieurs\ncaractéristiques particulières du bien, dont il a été spécifiquement informé qu'elles s'écartaient des critères\nde conformité énoncés au présent article, écart auquel il a expressément et séparément consenti lors de la\nconclusion du contrat."", ""Article L217-4\nLe bien est conforme au contrat s'il répond notamment, le cas échéant, aux critères suivants :\n1° Il correspond à la description, au type, à la quantité et à la qualité, notamment en ce qui concerne la\nfonctionnalité, la compatibilité, l'interopérabilité, ou toute autre caractéristique prévues au contrat ;\n2° Il est propre à tout usage spécial recherché par le consommateur, porté à la connaissance du vendeur au\nplus tard au moment de la conclusion du contrat et que ce dernier a accepté ;\n3° Il est délivré avec tous les accessoires et les instructions d'installation, devant être fournis conformément\nau contrat ;\n4° Il est mis à jour conformément au contrat."", ""Article L215-4\nLes dispositions des articles L. 215-1 à L. 215-3 et L. 241-3 sont intégralement reproduites dans les contrats\nde prestation de services auxquels elles s'appliquent.""]","Selon l'article L217-5 du Code de la consommation, les critères de conformité d'un bien en plus des critères du contrat sont les suivants :
1. Le bien doit être propre à l'usage habituellement attendu d'un bien de même type.
2. Le bien doit posséder les qualités présentées par le vendeur avant la conclusion du contrat.
3. Les éléments numériques du bien doivent être fournis selon la version la plus récente disponible au moment de la conclusion du contrat, sauf accord contraire des parties.
4. Le bien doit être délivré avec tous les accessoires, y compris l'emballage, et les instructions d'installation que le consommateur peut légitimement attendre.
5. Le bien doit être fourni avec les mises à jour que le consommateur peut légitimement attendre.
6. Le bien doit correspondre à la quantité, à la qualité et aux autres caractéristiques que le consommateur peut légitimement attendre pour des biens de même type, en tenant compte des déclarations publiques faites par le vendeur ou toute personne en amont dans la chaîne de transactions.

Ces critères complètent les critères de conformité prévus par le contrat entre le vendeur et le consommateur.","Le bien doit être propre à l'usage habituellement attendu d'un bien de même type et posséder les qualités que le consommateur peut légitimement attendre eu égard aux déclarations publiques (publicité, étiquetage).",0.875,0.7083989777413666,0.9999999999,1.0
Un produit doit-il nécessairement correspondre à l'usage habituellement attendu d'un bien de même type pour être conforme ?,"[""Article L217-4\nLe bien est conforme au contrat s'il répond notamment, le cas échéant, aux critères suivants :\n1° Il correspond à la description, au type, à la quantité et à la qualité, notamment en ce qui concerne la\nfonctionnalité, la compatibilité, l'interopérabilité, ou toute autre caractéristique prévues au contrat ;\n2° Il est propre à tout usage spécial recherché par le consommateur, porté à la connaissance du vendeur au\nplus tard au moment de la conclusion du contrat et que ce dernier a accepté ;\n3° Il est délivré avec tous les accessoires et les instructions d'installation, devant être fournis conformément\nau contrat ;\n4° Il est mis à jour conformément au contrat."", ""Article L217-5\nI.-En plus des critères de conformité au contrat, le bien est conforme s'il répond aux critères suivants :\n1° Il est propre à l'usage habituellement attendu d'un bien de même type, compte tenu, s'il y a lieu, de toute\ndisposition du droit de l'Union européenne et du droit national ainsi que de toutes les normes techniques ou,\nen l'absence de telles normes techniques, des codes de conduite spécifiques applicables au secteur concerné ;\n2° Le cas échéant, il possède les qualités que le vendeur a présentées au consommateur sous forme\nd'échantillon ou de modèle, avant la conclusion du contrat ;\n3° Le cas échéant, les éléments numériques qu'il comporte sont fournis selon la version la plus récente qui\nest disponible au moment de la conclusion du contrat, sauf si les parties en conviennent autrement ;\n4° Le cas échéant, il est délivré avec tous les accessoires, y compris l'emballage, et les instructions\nd'installation que le consommateur peut légitimement attendre ;\n5° Le cas échéant, il est fourni avec les mises à jour que le consommateur peut légitimement attendre,\nconformément aux dispositions de l'article L. 217-19 ;\n6° Il correspond à la quantité, à la qualité et aux autres caractéristiques, y compris en termes de durabilité,\nde fonctionnalité, de compatibilité et de sécurité, que le consommateur peut légitimement attendre pour des\nbiens de même type, eu égard à la nature du bien ainsi qu'aux déclarations publiques faites par le vendeur,\npar toute personne en amont dans la chaîne de transactions, ou par une personne agissant pour leur compte, y\ncompris dans la publicité ou sur l'étiquetage.\nII.-Toutefois, le vendeur n'est pas tenu par toutes déclarations publiques mentionnées à l'alinéa qui précède\ns'il démontre :\n1° Qu'il ne les connaissait pas et n'était légitimement pas en mesure de les connaître ;\n2° Qu'au moment de la conclusion du contrat, les déclarations publiques avaient été rectifiées dans des\nconditions comparables aux déclarations initiales ; ou\n3° Que les déclarations publiques n'ont pas pu avoir d'influence sur la décision d'achat.\nIII.-Le consommateur ne peut contester la conformité en invoquant un défaut concernant une ou plusieurs\ncaractéristiques particulières du bien, dont il a été spécifiquement informé qu'elles s'écartaient des critères\nde conformité énoncés au présent article, écart auquel il a expressément et séparément consenti lors de la\nconclusion du contrat."", ""Article L217-9\nLe consommateur est en droit d'exiger la mise en conformité du bien aux critères énoncés dans la sous-\nsection 1 de la présente section.\nLe consommateur sollicite auprès du vendeur la mise en conformité du bien, en choisissant entre la\nréparation et le remplacement. A cette fin, le consommateur met le bien à la disposition du vendeur.""]","Oui, selon l'article L217-5 I.1° du Code de la consommation, pour qu'un bien soit conforme au contrat, il doit être propre à l'usage habituellement attendu d'un bien de même type. Cela signifie que le produit doit correspondre aux attentes normales que peut avoir un consommateur pour un bien similaire. Ainsi, cette conformité à l'usage habituellement attendu est l'un des critères essentiels pour déterminer si un bien respecte le contrat de vente.","Oui, sauf si le consommateur a consenti expressément à une caractéristique particulière s'écartant de ces critères.",1.0,0.6139190974776556,0.9999999999666667,1.0
